CWNS_ID,PERMIT_NUMBER,population_cwns,population_covid,population_sso,source,Population Served
6000000065,CA0079103,204525,230000,NA,CWNS+COVID,217262.5
6000000066,CAS0085324,NA,NA,NA,Unmatched,NA
6000000068,CA0037869; CA0037559,184091,NA,NA,CWNS,184091
6000000069,CA0038008,77127,NA,NA,CWNS,77127
6000000072,CA8000326,120986,NA,NA,CWNS,120986
6000000073,CA0107611,207450,NA,NA,CWNS,207450
6000000075,R9-2013-0001,32458,NA,NA,CWNS,32458
6000000076,CAS612008,NA,NA,NA,Unmatched,NA
6000000077,R4-2010-0108,NA,NA,NA,Unmatched,NA
6000000078,NA,132360,10000,NA,CWNS+COVID,71180
6000000080,CA0037842,913086,1500000,NA,CWNS+COVID,1206543
6000000081,R7-2022-0009,90000,NA,NA,CWNS,90000
6000000082,R7-2018-0001,117000,NA,NA,CWNS,117000
6000000083,CA0104973,56700,NA,NA,CWNS,56700
6000000084,CAS617002,NA,NA,NA,Unmatched,NA
6000000085,CAS004004,NA,NA,NA,Unmatched,NA
6000000086,2006-0003-DWQ,NA,NA,NA,Unmatched,NA
6000000088,2006-0003-DWQ; CA0037711; CA0038067,11098,NA,NA,CWNS,11098
6000000089,CA8000408,966263,NA,NA,CWNS,966263
6000000090,R8-2002-0077,42473,NA,NA,CWNS,42473
6000000091,CA0038776,33378,NA,NA,CWNS,33378
6000000097,CAS000001,NA,NA,NA,Unmatched,NA
6000000098,2006-0003-DWQ; CA0078590,14400,NA,NA,CWNS,14400
6000000099,CA0078590; 2006-0003-DWQ,7200,NA,NA,CWNS,7200
6000000101,R9-2015-0001,NA,NA,NA,Unmatched,NA
6000000102,CA0109398,0,NA,NA,CWNS,0
6000000103,CA0107409; CA0109398; CA0109045,2124187,NA,NA,CWNS,2124187
6000000105,CA8000304,403461,NA,NA,CWNS,403461
6000000107,CAS000004,NA,NA,NA,Unmatched,NA
6000000114,CA0038440,0,NA,NA,CWNS,0
6000000117,R4-2011-0079,74519,NA,NA,CWNS,74519
6000000118,CAS004002,NA,220000,NA,COVID,220000
6000000120,CAS0109266,NA,NA,NA,Unmatched,NA
6000000121,CA8000027,209610,NA,NA,CWNS,209610
6000000122,96-63,10481,NA,NA,CWNS,10481
6000000123,R5-2014-0162,9000,NA,NA,CWNS,9000
6000000124,CA8000188,41365,NA,NA,CWNS,41365
6000000137,2020-0015-DWQ,24854,NA,NA,CWNS,24854
6000000140,R5-2014-0004,23400,NA,NA,CWNS,23400
6000000143,2014-0057-DWQ,NA,NA,NA,Unmatched,NA
6000000149,CA0054011,44449,NA,NA,CWNS,44449
6000000153,R7-2020-0011,0,NA,NA,CWNS,0
6000000154,6-00-56,0,NA,NA,CWNS,0
6000000157,CA0049964,49500,110338,NA,CWNS+COVID,79919
6000000165,CAL000443,55800,NA,NA,CWNS,55800
6000000171,CA0038369,251100,199000,NA,CWNS+COVID,225050
6000000174,R5-2008-0034,53150,NA,NA,CWNS,53150
6000000181,R6V-2013-0058,30814,NA,NA,CWNS,30814
6000000210,Order No. 5-01- 033,NA,NA,NA,Unmatched,NA
6000000226,CA 2006-003-DWQ,NA,NA,NA,Unmatched,NA
6000000228,2006-003-DWQ,NA,NA,NA,Unmatched,NA
6000000294,2014-0153-dwq-r5177,562,NA,NA,CWNS,562
6000000295,R5-2006-0127,6906,NA,NA,CWNS,6906
6000000296,84-118,84,NA,NA,CWNS,84
6000000300,R5-2013-0114,406,NA,NA,CWNS,406
6000000301,CA1000001,0,NA,NA,CWNS,0
6000000302,CA0084069,630,NA,NA,CWNS,630
6000000303,2014-0194-DWQ,7920,NA,NA,CWNS,7920
6000000304,R1-2022-0004,1884,NA,NA,CWNS,1884
6000000305,R5-2016-0023,90000,NA,NA,CWNS,90000
6000000307,CAL000490,65700,NA,NA,CWNS,65700
6000000308,CA0053911,NA,NA,NA,Unmatched,NA
6000000309,NO. 6-95-22,166,NA,NA,CWNS,166
6000000310,96-195,510,NA,NA,CWNS,510
6000000311,R4-2018-0022,5430,NA,NA,CWNS,5430
6000000313,DWQ- 2014-0194; CAC417109,0,NA,NA,CWNS,0
6000203200,CA0037664,582120,750000,NA,CWNS+COVID,666060
6001001001,CA0023272,889,NA,NA,CWNS,889
6001002001,96-068,1387,NA,NA,CWNS,1387
6001003001,ORDER No. R1-2018-00,2977,NA,NA,CWNS,2977
6001004001,NO.96-28,129,NA,NA,CWNS,129
6001007001,R1-2012-0050,1076,NA,NA,CWNS,1076
6001008001,CA0022721,1350,NA,NA,CWNS,1350
6001009001,CA0023043,837,NA,NA,CWNS,837
6001010005,CA0024449,41400,45000,NA,CWNS+COVID,43200
6001011001,CA0022730,11638,NA,NA,CWNS,11638
6001012001,R1-2011-0096,1260,NA,NA,CWNS,1260
6001013001,R1-2008-0003,747,NA,NA,CWNS,747
6001015001,CA0024490,15210,NA,NA,CWNS,15210
6001016001,No. R1-2019-0002,104,NA,NA,CWNS,104
6001020001,CA0022748,2790,NA,NA,CWNS,2790
6001021001,CA0025054,7053,NA,NA,CWNS,7053
6001027001,R1-01-071; CA0023060,8100,NA,NA,CWNS,8100
6001028001,CA0023078,6928,NA,NA,CWNS,6928
6001032001,CA0023639,941,NA,NA,CWNS,941
6001035001,CA0022977; 2006-0003-DWQ,7920,NA,NA,CWNS,7920
6001036001,CA0023345,24793,NA,NA,CWNS,24793
6001038001,NO. 91-130,1810,NA,NA,CWNS,1810
6001040001,CA0023574,1080,NA,NA,CWNS,1080
6001041001,CA0022756,11771,15372,NA,CWNS+COVID,13571.5
6001042001,CAL010509,6990,NA,NA,CWNS,6990
6001045001,CA0022764,262365,NA,NA,CWNS,262365
6001045003,NO.88-052,4091,NA,NA,CWNS,4091
6001047001,CA0022713,17266,NA,NA,CWNS,17266
6001048001,R1-2022-0015,797,NA,NA,CWNS,797
6001049001,CA0024040,95,NA,NA,CWNS,95
6001050001,ORDER No. R1-2019-00,741,NA,NA,CWNS,741
6001054001,NO.96-070,2583,NA,NA,CWNS,2583
6001055001,CA0023027,1350,NA,NA,CWNS,1350
6001056001,R1-2012-0029,680,NA,NA,CWNS,680
6001064001,98-004,760,NA,NA,CWNS,760
6001065001,R1â2015â0026,594,NA,NA,CWNS,594
6001069001,CA0023671,676,NA,NA,CWNS,676
6001070001,CA0022870,1904,NA,NA,CWNS,1904
6001079001,CA0022888; R1-99-065,23872,NA,NA,CWNS,23872
6001082001,CA0025135,10980,NA,NA,CWNS,10980
6001085001,97-093,295,NA,NA,CWNS,295
6001093001,WDR 95-002,748,NA,NA,CWNS,748
6001099001,No. R1-2019-0007,8460,NA,NA,CWNS,8460
6002001001,CA0037559; CA0037869,57600,NA,NA,CWNS,57600
6002006001,CA0037613,142953,NA,NA,CWNS,142953
6002008001,CA0037621,138290,153000,NA,CWNS+COVID,145645
6002011001,CA0037788,37523,NA,NA,CWNS,37523
6002012001,CA0037834,164714,236000,NA,CWNS+COVID,200357
6002015001,CA0037711,30981,NA,NA,CWNS,30981
6002021001,CA0037885,171,NA,NA,CWNS,171
6002023001,CA0038547,187226,218281,NA,CWNS+COVID,202753.5
6002024001,CA0037770,19710,NA,NA,CWNS,19710
6002025001,CA0037648,552952,487300,NA,CWNS+COVID,520126
6002029001,CA0037869,146659,NA,NA,CWNS,146659
6002030001,CA0038539,96564,NA,NA,CWNS,96564
6002032004,CA0110116,2250,NA,NA,CWNS,2250
6002032005,CA0037681,225000,250000,NA,CWNS+COVID,237500
6002033001,2006-0003-DWQ; CA0037575,74970,NA,NA,CWNS,74970
6002034002,CA0005240,3811,NA,NA,CWNS,3811
6002036001,CA0037702,1134202,740000,NA,CWNS+COVID,937101
6002038001,CA0038024,131400,NA,NA,CWNS,131400
6002039001,CA0037532,20270,NA,NA,CWNS,20270
6002040001,CA0037737,114521,NA,NA,CWNS,114521
6002042001,CA0038881,49500,NA,NA,CWNS,49500
6002043001,CA0037541,155584,NA,NA,CWNS,155584
6002044004,CA0038628,54611,NA,NA,CWNS,54611
6002046001,CA0038130,100313,NA,NA,CWNS,100313
6002047001,CA0037699,110442,NA,NA,CWNS,110442
6002049001,WDR 2006-0003-DWQ,5239,NA,NA,CWNS,5239
6002053001,CA0037966,4981,NA,NA,CWNS,4981
6002054001,CA0038768,18869,20256,NA,CWNS+COVID,19562.5
6002058001,R2-00-016; CA0038598,22558,NA,NA,CWNS,22558
6002060007,R2-86-86,200,NA,NA,CWNS,200
6002063001,2006-0003-DWQ; CA0037753,9450,NA,NA,CWNS,9450
6002063002,2006-0003-DWQ; CA0037427,387,NA,NA,CWNS,387
6002064001,CA0037826,8111,NA,NA,CWNS,8111
6002069001,CA0037800,30188,NA,NA,CWNS,30188
6002071001,CA0037958,51332,NA,NA,CWNS,51332
6002072001,2006-0003-DWQ; CA0038067,21749,NA,NA,CWNS,21749
6002074001,CA0038016,4847,NA,NA,CWNS,4847
6002081001,CA0038733,320490,NA,NA,CWNS,320490
6002082001,CA0038091,25357,NA,NA,CWNS,25357
6002084001,CA0038482,32400,NA,NA,CWNS,32400
6002090001,CA0085260,39600,NA,NA,CWNS,39600
6002108001,CA0037851,27000,NA,NA,CWNS,27000
6002118001,CA0037810,55406,NA,NA,CWNS,55406
6002120001,CA0037796,79780,NA,NA,CWNS,79780
6002123001,CA0038318,1,NA,NA,CWNS,1
6002127001,CA0038121,2970,NA,NA,CWNS,2970
6003003001,NO. R3-2002-0012,0,NA,NA,CWNS,0
6003004001,CA0049224,40960,47545,NA,CWNS+COVID,44252.5
6003005001,CAL010561,12600,NA,NA,CWNS,12600
6003008001,CA0048828,11008,NA,NA,CWNS,11008
6003010001,CA0048194,75026,NA,NA,CWNS,75026
6003012001,CA0048551,409354,NA,NA,CWNS,409354
6003014001,CA0047881,9787,NA,NA,CWNS,9787
6003017001,CA0047996,19917,NA,NA,CWNS,19917
6003019001,CA0049981,1067,NA,NA,CWNS,1067
6003021001,CA0048160,74129,NA,NA,CWNS,74129
6003022001,R3-2002-0062,15727,NA,NA,CWNS,15727
6003027001,CA0047953,34557,NA,NA,CWNS,34557
6003028001,2006-0003-DWQ; CA0048151,7743,NA,NA,CWNS,7743
6003030001,ORDER NO. R3-2019-00; CAL010562,5400,NA,NA,CWNS,5400
6003033001,CA0048941,3413,NA,NA,CWNS,3413
6003035001,CAC407893,2307,NA,NA,CWNS,2307
6003036001,CA0047961,496,NA,NA,CWNS,496
6003037001,CA0048143,86400,77600,NA,CWNS+COVID,82000
6003040001,R3-2010-0001; 2006-0003-DWQ,97200,NA,NA,CWNS,97200
6003042001,R3-03-012; CA0048054,1058,NA,NA,CWNS,1058
6003044001,CA0048216,58713,NA,NA,CWNS,58713
6003046001,NO.98-62,49,NA,NA,CWNS,49
6003047001,CA0047902,1715,NA,NA,CWNS,1715
6003049001,R3-2011-0217,31500,NA,NA,CWNS,31500
6003050001,2006-0003-DWQ; CA0048127,53937,NA,NA,CWNS,53937
6003053001,CA0047899,9050,NA,NA,CWNS,9050
6003054002,R3-00-043,191,NA,NA,CWNS,191
6003058001,CA0047830,720,NA,NA,CWNS,720
6003061001,CA0047364,15241,NA,NA,CWNS,15241
6003063001,NO. R3-2008-0069,38970,NA,NA,CWNS,38970
6003068001,CA0048089,504,NA,NA,CWNS,504
6003070001,CAS000002,7799,NA,NA,CWNS,7799
6003081001,CA0048003,62019,NA,NA,CWNS,62019
6003083001,2014-0153-DWQ,104,NA,NA,CWNS,104
6004002001,CA0053961,20700,NA,NA,CWNS,20700
6004003001,CA0055221,114190,NA,NA,CWNS,114190
6004006001,CA0053651,102082,NA,NA,CWNS,102082
6004007001,CA0056294,117000,NA,NA,CWNS,117000
6004008010,R4-2015-0051,10638,NA,NA,CWNS,10638
6004009001,CA0053813,3353576,3500000,NA,CWNS+COVID,3426788
6004009002,CA0053619,311175,NA,NA,CWNS,311175
6004009004,CA0053716,297390,NA,NA,CWNS,297390
6004009006,CA0054119,189973,NA,NA,CWNS,189973
6004009007,CA0054313,49393,NA,NA,CWNS,49393
6004009008,CA0054216,168637,NA,NA,CWNS,168637
6004009009,R6V-2002-053,159280,NA,NA,CWNS,159280
6004009010,R6T-2011-0012,145187,NA,NA,CWNS,145187
6004009014,00-099,1519,NA,NA,CWNS,1519
6004010001,CA0109991,2800773,4000000,NA,CWNS+COVID,3400386.5
6004010002,CA0053856,123833,NA,NA,CWNS,123833
6004010003,CA0053953,213774,NA,NA,CWNS,213774
6004010004,CA0056227,919987,NA,NA,CWNS,919987
6004010005,CA0053856; CA0109991; CA0056227; CA0053953,3643825,NA,NA,CWNS,3643825
6004011010,R4-01-155,952,NA,NA,CWNS,952
6004012500,CAS004001,132618,NA,NA,CWNS,132618
6004014001,CA0063274,34200,NA,NA,CWNS,34200
6004016001,CA0054372,3420,NA,NA,CWNS,3420
6004020001,R4-2009-0027-A02,2143,NA,NA,CWNS,2143
6004022002,CA0104451,1002,NA,NA,CWNS,1002
6004026001,CA0056014,74314,NA,NA,CWNS,74314
6004027001,CA0054097,212912,250000,NA,CWNS+COVID,231456
6004029001,CA0053597,62737,NA,NA,CWNS,62737
6004032001,CA0055531,99473,NA,NA,CWNS,99473
6004044001,R4-97-041; CA0054224,27148,NA,NA,CWNS,27148
6005000002,CA0077682,1080000,1480000,NA,CWNS+COVID,1280000
6005001001,R5-2012-0063,21316,NA,NA,CWNS,21316
6005004001,CA0077950,53100,59000,NA,CWNS+COVID,56050
6005008001,Order No. 91-164,42865,NA,NA,CWNS,42865
6005010001,CAL000407,149313,NA,NA,CWNS,149313
6005010002,CAL000476,134311,NA,NA,CWNS,134311
6005011001,CA0079081,82778,101299,NA,CWNS+COVID,92038.5
6005012001,CAL010541; R5-2007-0115,12150,NA,NA,CWNS,12150
6005014001,N0.Â·5-00-193,104,NA,NA,CWNS,104
6005018001,CA0077844,1890,NA,NA,CWNS,1890
6005019002,R5-2016-0028-01,27753,NA,NA,CWNS,27753
6005019004,NO. 5-01-251,27000,NA,NA,CWNS,27000
6005022001,R5-2004-0008,7830,NA,NA,CWNS,7830
6005023002,CA0077704,10247,NA,NA,CWNS,10247
6005024001,R5-04-097; CA0079022,8357,NA,NA,CWNS,8357
6005025001,CA0079138,335503,320000,NA,CWNS+COVID,327751.5
6005026001,R5-2021-0026,42700,NA,NA,CWNS,42700
6005031001,CA0077836,9000,NA,NA,CWNS,9000
6005032001,CAL010550,6819,NA,NA,CWNS,6819
6005033001,CA0077933,4590,NA,NA,CWNS,4590
6005035001,CA0078034,5490,NA,NA,CWNS,5490
6005040001,CA0077712,12420,NA,NA,CWNS,12420
6005041001,R5-02-020; CA0078999,5760,NA,NA,CWNS,5760
6005042003,R5-2017-0052,46956,NA,NA,CWNS,46956
6005043001,WDR 90-271; 2006-0003-DWQ,16599,NA,NA,CWNS,16599
6005045001,CA0081621,1462,NA,NA,CWNS,1462
6005046001,92-094,5040,NA,NA,CWNS,5040
6005051001,89-171,5001,NA,NA,CWNS,5001
6005053001,R5-2018-0080,895616,NA,NA,CWNS,895616
6005054001,CA0081434,24254,NA,NA,CWNS,24254
6005055001,93-088; 2006-0003-DWQ,857,NA,NA,CWNS,857
6005056001,R5-2014-0163,6007,NA,NA,CWNS,6007
6005057001,NO. R5-2012-0006; NO. 90-186,756,NA,NA,CWNS,756
6005058001,98-090,3780,NA,NA,CWNS,3780
6005060004,97-249,6895,NA,NA,CWNS,6895
6005061001,2006-0003-DWQ; CA0082660,46800,NA,NA,CWNS,46800
6005062001,CA0079243,54296,67021,NA,CWNS+COVID,60658.5
6005063001,R5-2009-0109; CA0079987,1130,NA,NA,CWNS,1130
6005064001,2006-0003-DWQ; CA0079219,83700,NA,NA,CWNS,83700
6005066001,CA0078950; 2006-0003-DWQ,4126,NA,NA,CWNS,4126
6005068001,94-100,22773,NA,NA,CWNS,22773
6005071001,5-01-255,40026,NA,NA,CWNS,40026
6005077001,CA0078948,116883,86000,NA,CWNS+COVID,101441.5
6005078001,CA0079189; R5-2018-0046,117900,NA,NA,CWNS,117900
6005079001,R5-2002-0198,25356,NA,NA,CWNS,25356
6005080001,NO. 94-273; CAL010535,8242,NA,NA,CWNS,8242
6005081001,CA0079260,47700,70000,NA,CWNS+COVID,58850
6005082002,R5-2013-0009,549,NA,NA,CWNS,549
6005082021,CA0085278,1080,NA,NA,CWNS,1080
6005086001,R5-95-103,14123,NA,NA,CWNS,14123
6005088002,CA0079235,48631,44000,NA,CWNS+COVID,46315.5
6005094001,R5-2011-0092,995,NA,NA,CWNS,995
6005098001,CA0079731,65424,NA,NA,CWNS,65424
6005098002,CA0082589,21375,NA,NA,CWNS,21375
6005099001,CA0079391,256,NA,NA,CWNS,256
6005100001,R5-2002-0224,181,NA,NA,CWNS,181
6005103001,CAL010540; R5-2021-0046,3150,NA,NA,CWNS,3150
6005105001,CA0079154,79920,98601,NA,CWNS+COVID,89260.5
6005106001,R5-2017-0085-001; CA0079197,38736,NA,NA,CWNS,38736
6005108001,CAL010521; R5-2012-000,6930,NA,NA,CWNS,6930
6005109001,WDR R5-2002-0202,15950,NA,NA,CWNS,15950
6005112001,Order 95-125,7112,NA,NA,CWNS,7112
6005113001,2000-0003-DWQ,1524,NA,NA,CWNS,1524
6005114001,CA0081213,109,NA,NA,CWNS,109
6005123001,79-143,1064,NA,NA,CWNS,1064
6005125001,5-01-071,11569,NA,NA,CWNS,11569
6005126001,R5-2007-0147,20411,NA,NA,CWNS,20411
6005142001,5-00-093,15840,NA,NA,CWNS,15840
6005143001,R5-2015-0053,6750,NA,NA,CWNS,6750
6005145001,R5-2012-0025,4590,NA,NA,CWNS,4590
6005146001,CA0081558,67537,83498,NA,CWNS+COVID,75517.5
6005155001,R5-2013-0153,18615,NA,NA,CWNS,18615
6005157001,CA0078051,3242,NA,NA,CWNS,3242
6005158001,ORDER NO: R5-2014-01,6750,NA,NA,CWNS,6750
6005161001,CA0079430,1800,NA,NA,CWNS,1800
6005162001,CA0079464,2333,NA,NA,CWNS,2333
6005164001,93-213,3426,NA,NA,CWNS,3426
6005169001,R5-2007-0149,632,NA,NA,CWNS,632
6005177001,95-200,22667,NA,NA,CWNS,22667
6005184001,CA0077691,90953,NA,NA,CWNS,90953
6005187001,CA0085201,4899,NA,NA,CWNS,4899
6005197001,R5-2022-0074,60548,NA,NA,CWNS,60548
6005198001,R5-2010-0050; R5-03-089; CA0079898,12330,NA,NA,CWNS,12330
6005200001,CA0079901,2919,NA,NA,CWNS,2919
6005204001,CA0078441,1547,NA,NA,CWNS,1547
6005205001,CA0079049,62764,70717,NA,CWNS+COVID,66740.5
6005218001,R5-02-208,572,NA,NA,CWNS,572
6005226001,CA0081485,14130,NA,NA,CWNS,14130
6005227001,CA0079502,120655,NA,NA,CWNS,120655
6005227002,CA0084573,112320,NA,NA,CWNS,112320
6005232001,CA0079511,7920,NA,NA,CWNS,7920
6005233001,CA0079529,1566,NA,NA,CWNS,1566
6005234001,CA0084476,59400,NA,NA,CWNS,59400
6005235001,R5-2014-0098,17368,NA,NA,CWNS,17368
6005236001,RS-2002-0136,6576,NA,NA,CWNS,6576
6005238001,91-098,436,NA,NA,CWNS,436
6005240001,CA0078921,2560,NA,NA,CWNS,2560
6005243001,CA0078981,3819,4217,NA,CWNS+COVID,4018
6005244001,CA0081230,23751,NA,NA,CWNS,23751
6005245002,CA0004995,7524,NA,NA,CWNS,7524
6005246001,R5-2021-0025,19661,NA,NA,CWNS,19661
6005249001,R5-2008-0173; CA0078662,30330,NA,NA,CWNS,30330
6005249003,R5-2007-0069; CA0078671,42396,NA,NA,CWNS,42396
6005253001,CA0079588,9630,NA,NA,CWNS,9630
6005257001,CA0079651,16927,NA,NA,CWNS,16927
6005261001,CAL038610; 5-00-231,5760,NA,NA,CWNS,5760
6005265001,CA0078930,1708,NA,NA,CWNS,1708
6005271001,R5-2009-000,1851,NA,NA,CWNS,1851
6005279001,CA0077747; R5-04-050,1890,NA,NA,CWNS,1890
6005282001,R5-2014-0707; CAL010533,2116,NA,NA,CWNS,2116
6005284001,94-184,15660,NA,NA,CWNS,15660
6005285001,R5-93-220; CA0081507,2820,NA,NA,CWNS,2820
6005294001,CA0081744,585,NA,NA,CWNS,585
6005296001,R5-98-007,322,NA,NA,CWNS,322
6005297001,CAL081272,5580,NA,NA,CWNS,5580
6005299001,WDR98-81,2201,NA,NA,CWNS,2201
6005306001,CAL000433; R5-2022-0059,12644,NA,NA,CWNS,12644
6005310001,CAL000435; R5-2019-0008,24300,NA,NA,CWNS,24300
6005316001,R5-2017-0109,1682,NA,NA,CWNS,1682
6005319001,R5-2017-0078,1170,NA,NA,CWNS,1170
6005325001,R5-2010-0087,7490,NA,NA,CWNS,7490
6005329001,CA0078956,9000,NA,NA,CWNS,9000
6005347001,CA0080161,7786,NA,NA,CWNS,7786
6005351001,85-170,1566,NA,NA,CWNS,1566
6005357001,91-069,3408,NA,NA,CWNS,3408
6005360001,86-108,1506,NA,NA,CWNS,1506
6005366001,R5-2009-0108,666,NA,NA,CWNS,666
6005367001,R5-99-100; CA0084239,1170,NA,NA,CWNS,1170
6005368001,CA0078891,12524,NA,NA,CWNS,12524
6005421001,R5-2017-0085-011,7647,NA,NA,CWNS,7647
6005511002,R5-2013-0062,1277,NA,NA,CWNS,1277
6005511004,99-004,284,NA,NA,CWNS,284
6005551001,"R5-2012-0045,",286,NA,NA,CWNS,286
6005607001,98-214,2381,NA,NA,CWNS,2381
6005681001,CA0077828,5918,NA,NA,CWNS,5918
6005682001,CA0083241,441,NA,NA,CWNS,441
6005693001,2014-0153-DWQ-R5303,450,NA,NA,CWNS,450
6005780001,CA0000000,737,NA,NA,CWNS,737
6005783001,CA0080489,2696,NA,NA,CWNS,2696
6006002001,CA0102695,15998,NA,NA,CWNS,15998
6006004001,R6T-2004-0010,33011,NA,NA,CWNS,33011
6006005001,R6V-2019-0252,23374,NA,NA,CWNS,23374
6006008001,R6T-2002-0030,51159,NA,NA,CWNS,51159
6006009001,CA0102822,230482,NA,NA,CWNS,230482
6006010001,R6V-2009-0035; 2006-0003-DWQ,7380,NA,NA,CWNS,7380
6006011001,2016-0039-DWQ,788,NA,NA,CWNS,788
6006013001,2013-0002-DWQ,10079,NA,NA,CWNS,10079
6006021001,WDR-R6-1994-0057,8573,NA,NA,CWNS,8573
6006027001,WDID No.: 6A26530090; NO. 6Â·01Â·12,766,NA,NA,CWNS,766
6006028002,NO. 6-96-18,906,NA,NA,CWNS,906
6006031001,6-01-55,1338,NA,NA,CWNS,1338
6006041001,R6V-2019-0251,19371,NA,NA,CWNS,19371
6006049001,NO. 6-01-36,3600,NA,NA,CWNS,3600
6007002001,CA0104426,39493,NA,NA,CWNS,39493
6007003001,R7-2015-0013,43131,NA,NA,CWNS,43131
6007005001,CA7000009,36316,40000,NA,CWNS+COVID,38158
6007007001,CA0105015,7200,NA,NA,CWNS,7200
6007010001,CAL000372,16014,NA,NA,CWNS,16014
6007011001,CA0104370,3334,NA,NA,CWNS,3334
6007013001,CA0104361,4991,NA,NA,CWNS,4991
6007014001,CA0104400,19227,NA,NA,CWNS,19227
6007018001,CA0105023,1890,NA,NA,CWNS,1890
6007019001,CA0105007,2030,NA,NA,CWNS,2030
6007021001,R7-2022-0008,26897,NA,NA,CWNS,26897
6007022001,CA0104523; R7-05-21,42320,NA,NA,CWNS,42320
6007023001,CA0104299,5400,NA,NA,CWNS,5400
6007025001,CA0104493,68400,NA,NA,CWNS,68400
6007029001,CA0104477,75413,NA,NA,CWNS,75413
6007032001,CAL000410,26528,NA,NA,CWNS,26528
6007069001,R7-2018-0003,0,NA,NA,CWNS,0
6007770001,R7-2015-0043,15829,NA,NA,CWNS,15829
6008001001,CA0105350,366930,NA,NA,CWNS,366930
6008003001,CAS618033,11816,NA,NA,CWNS,11816
6008004001,CA0105392,343107,325000,NA,CWNS+COVID,334053.5
6008007001,CA8000344,44618,NA,NA,CWNS,44618
6008010001,CA0105279; R8-01-01 ; CA8000409,409304,NA,NA,CWNS,409304
6008010004,CA8000409; CA0105279,125940,NA,NA,CWNS,125940
6008010005,R8-04-006; CA8000402; CA8000409,141682,NA,NA,CWNS,141682
6008010006,R8-04-020; CA8000073; CA8000409,110197,NA,NA,CWNS,110197
6008012001,CA0105376,35798,NA,NA,CWNS,35798
6008016003,CA8000316,113419,NA,NA,CWNS,113419
6008019001,R8-01-009; CA0105619,58500,NA,NA,CWNS,58500
6008020001,CA8000383,104926,NA,NA,CWNS,104926
6008020002,R8-2011-0015,50486,NA,NA,CWNS,50486
6008020003,CA8000395,9124,NA,NA,CWNS,9124
6008022001,CA0110604,1061827,1800000,NA,CWNS+COVID,1430913.5
6008024001,CA0105236,60354,NA,NA,CWNS,60354
6008034001,96-34,25153,NA,NA,CWNS,25153
6008052001,CA0105295,135000,NA,NA,CWNS,135000
6008086001,CA8000100,18000,NA,NA,CWNS,18000
6008100001,RB-2015-0023; CA0107611,43939,NA,NA,CWNS,43939
6009004001,CA0108031,29352,NA,NA,CWNS,29352
6009011001,CA0107395,363144,NA,NA,CWNS,363144
6009014002,R9-2004-0223,36314,NA,NA,CWNS,36314
6009015003,2006-0003-DWQ; R9-2007-0037,13770,NA,NA,CWNS,13770
6009016001,Order No. 92-04,5133,NA,NA,CWNS,5133
6009019001,CA0107417,49715,NA,NA,CWNS,49715
6009020001,NO. 94-80,2851,NA,NA,CWNS,2851
6009028001,CA0107999,20479,NA,NA,CWNS,20479
6009031001,CA0107409,2222389,2200000,NA,CWNS+COVID,2211194.5
6009031004,CA0108928,146085,NA,NA,CWNS,146085
6009032001,CA0107981,180000,NA,NA,CWNS,180000
6009036001,CA0107492,36000,NA,NA,CWNS,36000
6009040001,R9-2007-0018; CA0107395,94500,NA,NA,CWNS,94500
6009041001,CA0107433,38102,NA,NA,CWNS,38102
6009047001,R9-2007-0005,17550,NA,NA,CWNS,17550
6009058001,Order WQ 2014-0153-D,557,NA,NA,CWNS,557
6009069001,R7-2019-0015,900,NA,NA,CWNS,900
6012001102,CAS618036,NA,NA,NA,Unmatched,NA
6012004008,CAG674001,NA,NA,NA,Unmatched,NA
6021003001,CA000000,NA,NA,NA,Unmatched,NA
6022012001,CA0037834; CAS000004,NA,NA,NA,Unmatched,NA
6022041001,CA029718,NA,NA,NA,Unmatched,NA
6022041002,CAS612008; CAS029718,NA,NA,NA,Unmatched,NA
6022047001,CAS108766,NA,NA,NA,Unmatched,NA
6022054001,CAS612007,NA,NA,NA,Unmatched,NA
6022109001,CAS029831,NA,NA,NA,Unmatched,NA
6022175001,CA0029831,NA,NA,NA,Unmatched,NA
6024000001,CAS614001,NA,NA,NA,Unmatched,NA
6024007001,CAS004004; CAS004002,NA,NA,NA,Unmatched,NA
6024008010,CAS000000,NA,NA,NA,Unmatched,NA
6025053001,CA0083500,NA,NA,NA,Unmatched,NA
6025061001,CA0083313,NA,NA,NA,Unmatched,NA
6025373001,CA0083470,NA,NA,NA,Unmatched,NA
6026000001,CAG616001,NA,NA,NA,Unmatched,NA
6029031001,CAS0109266; CAS108758,NA,NA,NA,Unmatched,NA
6029046001,CA0108758,NA,NA,NA,Unmatched,NA
